unique_id,fam_default,fam_with a family,gender_default,gender_gender nonconforming person,gender_man,gender_woman,income_default,income_holding a Section 8 voucher,race_Hawaiian,race_Hispanic,race_Native American,race_asian,race_black,race_default,race_white,rentbuy_buy,rentbuy_rent,sexuality_LGBT,sexuality_default,sexuality_straight,est_white_perc,est_black_perc,est_native_perc,est_asian_perc,est_islander_perc,est_hispanic_perc,neighopp_idx
1,0.9739884393063584,0.0260115606936416,0.2716763005780346,0.0028901734104046,0.3699421965317919,0.3554913294797688,0.9913294797687862,0.0086705202312138,0.1473988439306358,0.1936416184971098,0.0202312138728323,0.1127167630057803,0.0433526011560693,0.3063583815028902,0.176300578034682,0.130057803468208,0.869942196531792,0.0,0.4017341040462427,0.5982658959537572,0.5867405442582214,0.0678373387937367,0.0003266438965788,0.1372863007607889,0.0,0.1756875607155513,3.6084606272267066
5,0.7361809045226131,0.2638190954773869,0.2236180904522613,0.3391959798994975,0.2437185929648241,0.1934673366834171,0.9221105527638191,0.0778894472361809,0.185929648241206,0.135678391959799,0.100502512562814,0.1381909547738693,0.1055276381909547,0.1658291457286432,0.1683417085427135,0.414572864321608,0.585427135678392,0.6532663316582915,0.1507537688442211,0.1959798994974874,0.5657927751443067,0.0579810755213496,1.2683976937179652e-06,0.1189111428934105,2.869513219081862e-07,0.2051884830071607,5.67673207071911
7,0.75,0.25,0.5,0.0,0.4166666666666667,0.0833333333333333,0.0,1.0,0.4166666666666667,0.0833333333333333,0.0833333333333333,0.1666666666666666,0.0,0.1666666666666666,0.0833333333333333,0.25,0.75,0.0,0.25,0.75,0.0676435689156329,0.1094371476717283,5.750506335480058e-07,0.0062645903380473,0.0007924686059806,0.8093515734121443,-2.0191337738969093
9,0.42915270464337,0.5708472953566299,0.3073240785064624,0.075394925801819,0.3125897558640498,0.3046912398276687,0.1840593585447582,0.8159406414552417,0.141215892771661,0.2247486835806606,0.1455241742460507,0.1218286261369076,0.1328386787936812,0.1261369076112972,0.1077070368597415,0.4152704643370034,0.5847295356629967,0.0873623743417903,0.4753470560076591,0.4372905696505505,0.2871551833183747,0.0659689031087754,0.0062093758028654,0.0475678999937923,0.0,0.5723487836432618,-1.5257959905539076
12,0.8269230769230769,0.173076923076923,0.3461538461538461,0.0329670329670329,0.3873626373626374,0.2335164835164835,0.0054945054945054,0.9945054945054944,0.1318681318681318,0.1098901098901098,0.1181318681318681,0.1181318681318681,0.2032967032967033,0.206043956043956,0.1126373626373626,0.3791208791208791,0.6208791208791209,0.0329670329670329,0.521978021978022,0.445054945054945,0.0408877540339551,0.2373281453560969,0.0005172669655049,0.0148547530773989,0.0025487499622304,0.6860170200445056,-6.009660381739368
14,0.0760135135135135,0.9239864864864864,0.3130630630630631,0.0135135135135135,0.3344594594594595,0.3389639639639639,0.6903153153153153,0.3096846846846847,0.1976351351351351,0.0957207207207207,0.1542792792792792,0.080518018018018,0.1131756756756756,0.1931306306306306,0.1655405405405405,0.4662162162162162,0.5337837837837838,0.0112612612612612,0.4335585585585585,0.5551801801801802,0.7117440637010015,0.0435108177500426,0.0016914694690216,0.0286198197620558,0.0021611668221026,0.1777359030168192,2.3797872907434896
18,0.8315899581589958,0.1684100418410042,0.2421548117154811,0.2934100418410041,0.2594142259414226,0.205020920502092,0.823744769874477,0.176255230125523,0.1631799163179916,0.1506276150627615,0.1056485355648535,0.1182008368200836,0.1098326359832636,0.1757322175732217,0.1767782426778242,0.551255230125523,0.448744769874477,0.4199790794979079,0.2604602510460251,0.3195606694560669,0.0664698333528305,0.0409523048277731,0.0003867596253592,0.0192686210187917,0.0,0.8625535346758005,-1.7006497904582627
20,0.6855345911949685,0.3144654088050314,0.2327044025157232,0.2830188679245283,0.2452830188679245,0.2389937106918239,0.9433962264150944,0.0566037735849056,0.1069182389937107,0.1509433962264151,0.0754716981132075,0.1320754716981132,0.1635220125786163,0.1949685534591195,0.1761006289308176,0.3962264150943396,0.6037735849056604,0.6289308176100629,0.1761006289308176,0.1949685534591195,0.6200532361725444,0.06124187616687,3.086123053859188e-06,0.1654830142212842,0.0003060938752031,0.1229235385731844,2.5927718160467808
22,0.6272281639928698,0.3727718360071301,0.2079991087344028,0.3795677361853832,0.2098930481283422,0.2025401069518716,0.6624331550802139,0.3375668449197861,0.1422682709447415,0.1343582887700534,0.1345811051693404,0.1463903743315508,0.15051247771836,0.1501782531194296,0.141711229946524,0.4851827094474153,0.5148172905525846,0.5412210338680927,0.2313948306595365,0.2273841354723707,0.4871156988260819,0.1329946778319916,0.0023478989471899,0.126470725331834,0.0006209463959598,0.1960501620014849,1.521136360803776
24,0.4390896921017403,0.5609103078982597,0.2891566265060241,0.0080321285140562,0.3119143239625167,0.3908969210174029,0.9825970548862116,0.0174029451137884,0.1325301204819277,0.0589022757697456,0.073627844712182,0.1954484605087014,0.0334672021419009,0.2382864792503346,0.2677376171352075,0.6211512717536813,0.3788487282463186,0.0107095046854083,0.4377510040160642,0.5515394912985274,0.5772920665100802,0.0746251680885336,0.0026368927797259,0.1289320544988523,0.0,0.1804249153948118,4.625369371847558
27,0.5882352941176471,0.4117647058823529,0.3529411764705882,0.2352941176470588,0.2941176470588235,0.1176470588235294,0.2941176470588235,0.7058823529411765,0.0588235294117647,0.7647058823529411,0.0588235294117647,0.0,0.0,0.0,0.1176470588235294,0.2352941176470588,0.7647058823529411,0.2352941176470588,0.5294117647058824,0.2352941176470588,0.155911354598854,0.1548120479728759,0.0005117866960282,0.022786316163617,0.0005099900359053,0.6414439086615652,-5.094195824925431
28,0.6765641569459173,0.3234358430540827,0.2693531283138918,0.2216330858960763,0.2651113467656416,0.2439024390243902,0.6246023329798516,0.3753976670201485,0.1813361611876988,0.0689289501590668,0.1707317073170731,0.11983032873807,0.0922587486744432,0.1845174973488865,0.1823966065747614,0.6044538706256628,0.3955461293743372,0.5005302226935313,0.2767762460233298,0.2226935312831389,0.0740917850071164,0.3425661582874025,5.754784145337851e-05,0.0116360719422181,0.0,0.5617636077322293,-3.841191024911512
29,0.8952991452991453,0.1047008547008547,0.1805555555555555,0.4455128205128205,0.2264957264957265,0.1474358974358974,0.8301282051282052,0.1698717948717948,0.1314102564102564,0.110042735042735,0.1420940170940171,0.1602564102564102,0.1367521367521367,0.1858974358974359,0.1335470085470085,0.4241452991452991,0.5758547008547008,0.4326923076923077,0.3002136752136752,0.2670940170940171,0.3482009140860059,0.3324848904589692,0.0122302062910208,0.0356895195881423,0.0003212346049942,0.2457316479327309,2.568879635108043
33,0.875,0.125,0.5,0.0416666666666666,0.3333333333333333,0.125,0.125,0.875,0.0416666666666666,0.0416666666666666,0.2083333333333333,0.0416666666666666,0.4583333333333333,0.1666666666666666,0.0416666666666666,0.3333333333333333,0.6666666666666666,0.2083333333333333,0.4583333333333333,0.3333333333333333,0.0430548211724531,0.4193261033614517,0.0007245121640345,0.0106271747735219,5.3796905700104e-07,0.509918601975173,-5.382277429465281
36,0.6666666666666666,0.3333333333333333,0.3060109289617486,0.0666666666666666,0.3344262295081967,0.292896174863388,0.0972677595628415,0.9027322404371584,0.1387978142076502,0.160655737704918,0.1519125683060109,0.1136612021857923,0.1715846994535519,0.1442622950819672,0.1191256830601092,0.4426229508196721,0.5573770491803278,0.0710382513661202,0.4852459016393443,0.4437158469945355,0.6345418064765832,0.0229994205589501,0.0004864947755662,0.0578583328701795,0.0,0.2561088877787337,4.320617621749862
38,0.8277777777777777,0.1722222222222222,0.4222222222222222,0.0444444444444444,0.3333333333333333,0.2,0.0777777777777777,0.9222222222222224,0.1333333333333333,0.4666666666666667,0.1277777777777777,0.0444444444444444,0.0944444444444444,0.0888888888888888,0.0444444444444444,0.3944444444444444,0.6055555555555555,0.1111111111111111,0.5222222222222223,0.3666666666666666,0.109095541156472,0.0772445549772358,3.019561030696904e-06,0.0022314966306555,0.0001205824371811,0.7826747063445066,-1.983344797247618
39,0.7495107632093934,0.2504892367906066,0.324853228962818,0.0724070450097847,0.3620352250489236,0.2407045009784735,0.0489236790606653,0.9510763209393346,0.12133072407045,0.2935420743639921,0.1193737769080234,0.197651663405088,0.1037181996086105,0.1056751467710371,0.0587084148727984,0.3776908023483366,0.6223091976516634,0.1017612524461839,0.49706457925636,0.4011741682974559,0.1045736359930232,0.120992429379276,0.0008526599797345,0.1402158068503046,0.000887585558192,0.6094919965878095,-3.3189745753899693
41,0.2307692307692307,0.7692307692307693,0.1870286576168929,0.3989441930618401,0.1877828054298642,0.2262443438914027,0.7209653092006033,0.2790346907993967,0.1274509803921568,0.1530920060331825,0.11236802413273,0.1681749622926093,0.1817496229260935,0.1274509803921568,0.1297134238310709,0.5098039215686274,0.4901960784313725,0.6319758672699849,0.1953242835595776,0.1726998491704374,0.2974230525796393,0.1693659912126125,0.0003175418319267,0.0380959010841477,2.588196496607204e-06,0.4643706952442452,0.5275394752587389
44,0.1612903225806451,0.8387096774193549,0.1290322580645161,0.4193548387096774,0.1935483870967742,0.2580645161290322,0.8064516129032258,0.1935483870967742,0.032258064516129,0.032258064516129,0.1612903225806451,0.1612903225806451,0.2258064516129032,0.2580645161290322,0.1290322580645161,0.6451612903225806,0.3548387096774194,0.5806451612903226,0.0967741935483871,0.3225806451612903,0.4026372486515878,0.168052222512761,8.483906167943483e-05,0.0635609118820675,0.0007859288413456,0.3250060881027054,1.541237843501844
47,0.5714285714285714,0.4285714285714285,0.2857142857142857,0.2142857142857142,0.2857142857142857,0.2142857142857142,0.0,1.0,0.1428571428571428,0.1428571428571428,0.0714285714285714,0.1428571428571428,0.2857142857142857,0.1428571428571428,0.0714285714285714,0.5,0.5,0.2142857142857142,0.5,0.2857142857142857,0.1715803617563753,0.0833110071990844,0.000427016112616,0.0744564963287354,0.0,0.6427646388732993,-4.634753340424147
49,0.9545454545454546,0.0454545454545454,0.3181818181818182,0.0909090909090909,0.2272727272727272,0.3636363636363636,0.7272727272727273,0.2727272727272727,0.1363636363636363,0.0,0.0454545454545454,0.0909090909090909,0.5454545454545454,0.1363636363636363,0.0454545454545454,0.0454545454545454,0.9545454545454546,0.0454545454545454,0.4090909090909091,0.5454545454545454,0.0847945683588801,0.7204646466121615,0.0057313275778819,0.0601591887232319,0.0,0.0880347732121278,-0.97550011842403
51,0.9186046511627908,0.0813953488372093,0.2906976744186046,0.0290697674418604,0.3662790697674418,0.313953488372093,0.8546511627906976,0.1453488372093023,0.0930232558139534,0.0232558139534883,0.1337209302325581,0.1511627906976744,0.2616279069767442,0.2383720930232558,0.0988372093023255,0.1337209302325581,0.8662790697674418,0.0232558139534883,0.5697674418604651,0.4069767441860465,0.4719838578125275,0.0970664480762809,0.0002470319368969,0.2721732896296511,0.0,0.1038842448156781,1.780798682394817
52,0.6666666666666666,0.3333333333333333,0.3440860215053763,0.1827956989247312,0.2473118279569892,0.2258064516129032,0.1505376344086021,0.8494623655913979,0.1182795698924731,0.1505376344086021,0.1720430107526881,0.1612903225806451,0.1612903225806451,0.0967741935483871,0.1397849462365591,0.4838709677419355,0.5161290322580645,0.1290322580645161,0.5053763440860215,0.3655913978494624,0.0311517379733419,0.5347335916292028,0.0036051396790596,4.002016024173856e-07,0.0,0.4242393519555715,-5.514116298379345
53,0.96875,0.03125,0.40625,0.0,0.3125,0.28125,0.0,1.0,0.03125,0.09375,0.03125,0.03125,0.625,0.125,0.0625,0.5,0.5,0.0,0.65625,0.34375,0.0633428818816115,0.5202896906696306,0.0002576088475821,0.0219255906125,0.0,0.3811000650442551,-3.708277656953559
54,0.90625,0.09375,0.421875,0.03125,0.328125,0.21875,0.015625,0.984375,0.234375,0.25,0.15625,0.0625,0.046875,0.1875,0.0625,0.359375,0.640625,0.0,0.546875,0.453125,0.060727978218104,0.071752935040881,0.0013694295304877,0.0040044521636506,0.0,0.8592642662230405,-3.14959758009206
57,0.6666666666666666,0.3333333333333333,0.1666666666666666,0.0,0.3333333333333333,0.5,0.0,1.0,0.0833333333333333,0.1666666666666666,0.0,0.0833333333333333,0.5,0.0833333333333333,0.0833333333333333,0.5833333333333334,0.4166666666666667,0.1666666666666666,0.4166666666666667,0.4166666666666667,0.1642509344612003,0.4213723388581417,0.0006763108437618,0.0920772963925538,0.0001726148754933,0.3058233792267877,-3.488046575973906
59,0.7492063492063492,0.2507936507936508,0.365079365079365,0.0582010582010582,0.3216931216931217,0.255026455026455,0.128042328042328,0.8719576719576719,0.0878306878306878,0.5142857142857142,0.0973544973544973,0.1185185185185185,0.0455026455026455,0.0857142857142857,0.0507936507936507,0.3724867724867725,0.6275132275132275,0.0952380952380952,0.5174603174603175,0.3873015873015873,0.0625582188733167,0.1488156267247764,0.0016061243547203,0.0554561992934223,0.0,0.7126339388909287,-5.626718048193666
60,0.7391304347826086,0.2608695652173913,0.3152173913043478,0.0434782608695652,0.3695652173913043,0.2717391304347826,0.0217391304347826,0.9782608695652174,0.1739130434782608,0.1304347826086956,0.108695652173913,0.1847826086956521,0.1739130434782608,0.1413043478260869,0.0869565217391304,0.3260869565217391,0.6739130434782609,0.0434782608695652,0.4891304347826087,0.4673913043478261,0.0447698858188809,0.2481110337030107,0.0027645424563772,0.0310711545988501,0.0028084240826689,0.6513886596676917,-6.672695415707106
62,0.3125,0.6875,0.5,0.0625,0.0,0.4375,0.4375,0.5625,0.125,0.0625,0.125,0.3125,0.3125,0.0625,0.0,0.4375,0.5625,0.0625,0.3125,0.625,0.0233432074696953,0.5780932197573025,0.0033980665002687,0.0054754914540924,0.0,0.3620668667300264,-0.0094982252637114
68,0.889763779527559,0.1102362204724409,0.4488188976377952,0.0314960629921259,0.3385826771653543,0.1811023622047244,0.0787401574803149,0.9212598425196852,0.0708661417322834,0.0629921259842519,0.0866141732283464,0.0787401574803149,0.5590551181102362,0.0787401574803149,0.0629921259842519,0.4015748031496063,0.5984251968503937,0.0551181102362204,0.5669291338582677,0.3779527559055118,0.0276297801311671,0.7214275790205217,0.0013493517042268,0.0035413493626738,1.0030771770853037e-07,0.2294550882413212,-8.260962067035468
69,0.6049488054607508,0.3950511945392491,0.2849829351535836,0.1049488054607508,0.2926621160409556,0.3174061433447099,0.0725255972696245,0.9274744027303754,0.1510238907849829,0.1245733788395904,0.1271331058020477,0.1808873720136518,0.1168941979522184,0.1604095563139931,0.1390784982935153,0.3950511945392491,0.6049488054607508,0.0742320819112627,0.4726962457337884,0.4530716723549488,0.1481197595343168,0.3506378142487191,0.0007775539307601,0.0957923119462844,0.0005547200773595,0.3830553740515109,-3.836274743625309
70,0.6867388362652233,0.3132611637347767,0.3247631935047361,0.0940460081190798,0.3301759133964817,0.2510148849797023,0.0791610284167794,0.9208389715832206,0.1177266576454668,0.2104194857916103,0.1177266576454668,0.1921515561569688,0.1853856562922868,0.1123139377537212,0.064276048714479,0.3213802435723951,0.6786197564276049,0.1143437077131258,0.469553450608931,0.4161028416779431,0.0609789204327999,0.2716047524134453,0.0006285068470946,0.1892544362596253,9.22308752492108e-06,0.4625437717102328,-3.510730559390944
71,1.0,0.0,0.3333333333333333,0.0,0.3333333333333333,0.3333333333333333,0.0833333333333333,0.9166666666666666,0.25,0.1666666666666666,0.0,0.0833333333333333,0.0833333333333333,0.25,0.1666666666666666,0.4166666666666667,0.5833333333333334,0.0,0.8333333333333334,0.1666666666666666,0.0291229115808065,0.0638231021089345,2.8818048701040628e-05,0.0019602115488555,0.0,0.9015864720430514,-2.751076627333705
72,0.3394703656998739,0.6605296343001261,0.3087011349306431,0.0168978562421185,0.3225725094577553,0.3518284993694829,0.6837326607818411,0.3162673392181589,0.1576292559899117,0.1031525851197982,0.162421185372005,0.164186633039092,0.0870113493064312,0.1674653215636822,0.1581336696090794,0.4847414880201765,0.5152585119798234,0.0131147540983606,0.4736443883984867,0.5132408575031526,0.5125665290999472,0.0872501774563107,0.0002216627862146,0.1099882808499806,7.954360427789086e-05,0.2464955568828742,-0.2846113451865725
73,0.935897435897436,0.0641025641025641,0.3846153846153846,0.0256410256410256,0.3333333333333333,0.2564102564102564,0.0641025641025641,0.935897435897436,0.1025641025641025,0.0641025641025641,0.0769230769230769,0.1282051282051282,0.3974358974358974,0.1794871794871795,0.0512820512820512,0.4615384615384615,0.5384615384615384,0.0384615384615384,0.5897435897435898,0.3717948717948718,0.0102448333643203,0.5624950706773859,1.2971110890797678e-06,0.0021279735373362,0.0002368699517911,0.4132317982761906,-5.223992038690129
77,0.3536842105263157,0.6463157894736842,0.2821052631578947,0.0778947368421052,0.2847368421052632,0.3552631578947368,0.9736842105263158,0.0263157894736842,0.1605263157894736,0.0821052631578947,0.0752631578947368,0.1831578947368421,0.1126315789473684,0.1747368421052631,0.211578947368421,0.5963157894736842,0.4036842105263158,0.0310526315789473,0.4426315789473684,0.5263157894736842,0.6415003025687862,0.0528277691946906,0.0001873570628444,0.1620713277288281,2.2047209480916176e-06,0.0950164159455165,3.815334453684896
79,0.6672038678485093,0.3327961321514907,0.2360999194198227,0.3448831587429492,0.2328767123287671,0.1861402095084609,0.1788879935535858,0.8211120064464141,0.0556003223207091,0.0749395648670427,0.1297340854149879,0.0765511684125705,0.5132957292506044,0.0821917808219178,0.0676873489121676,0.3634165995165189,0.636583400483481,0.5100725221595488,0.2965350523771152,0.193392425463336,0.1902583521163515,0.5662555210245463,2.340226033870963e-07,0.0783579898454827,0.0,0.1356935646288418,-6.786472010896715
80,0.6712172923777019,0.328782707622298,0.167235494880546,0.5472127417519909,0.1285551763367463,0.1569965870307167,0.3720136518771331,0.6279863481228669,0.1012514220705347,0.2639362912400455,0.1331058020477815,0.1160409556313993,0.073947667804323,0.1649601820250284,0.1467576791808873,0.4550625711035267,0.5449374288964732,0.6291240045506257,0.2127417519908987,0.1581342434584755,0.205788811431789,0.0844430831343656,0.001431902008121,0.0138191174940296,0.0,0.6852459791752185,-1.791590944789066
82,0.6956521739130435,0.3043478260869565,0.4130434782608695,0.1956521739130435,0.1521739130434782,0.2391304347826087,0.1521739130434782,0.8478260869565217,0.0434782608695652,0.1521739130434782,0.1739130434782608,0.1304347826086956,0.2391304347826087,0.217391304347826,0.0434782608695652,0.3260869565217391,0.6739130434782609,0.2391304347826087,0.4130434782608695,0.3478260869565217,0.5528003188597664,0.1190356283552494,0.0038206150217593,0.177093262681179,0.0,0.1180304301509161,3.443463768563272
83,0.2680793810965355,0.7319206189034645,0.2011436259670366,0.3467877564749411,0.2125798856374033,0.2394887319206189,0.4248234106962664,0.5751765893037336,0.136226034308779,0.1648166834846955,0.1294988227379751,0.1429532458795829,0.1503531786074672,0.1389169189371005,0.1372351160443995,0.462159434914228,0.5378405650857719,0.5216952573158425,0.2320887991927346,0.2462159434914228,0.4986188376900054,0.1131926247973183,0.0012382510769618,0.100267463950379,0.0,0.262469408257765,4.694663349537845
84,0.7222222222222222,0.2777777777777778,0.6111111111111112,0.0,0.25,0.1388888888888889,0.5833333333333334,0.4166666666666667,0.0,1.0,0.0,0.0,0.0,0.0,0.0,0.5,0.5,0.25,0.6388888888888888,0.1111111111111111,0.0504923053140192,0.0136817600126841,0.0001991346853009,0.0080047526454343,0.0,0.9258310427905304,-2.5240388761953185
85,0.8579881656804734,0.1420118343195266,0.2810650887573964,0.0384615384615384,0.3195266272189349,0.3609467455621302,0.9940828402366864,0.0059171597633136,0.1183431952662721,0.0798816568047337,0.0562130177514792,0.0917159763313609,0.044378698224852,0.2869822485207101,0.3224852071005917,0.650887573964497,0.3491124260355029,0.1479289940828402,0.3994082840236686,0.4526627218934911,0.6979816634724259,0.0432498951660822,0.0041261748257545,0.0965785494313778,0.0,0.1180759916980858,6.560419454977272
87,0.5891203703703703,0.4108796296296296,0.197241512345679,0.3994020061728395,0.2012924382716049,0.2020640432098765,0.5885416666666666,0.4114583333333333,0.1466049382716049,0.1412037037037037,0.1467978395061728,0.134741512345679,0.1352237654320987,0.1481481481481481,0.1472800925925926,0.497974537037037,0.5020254629629629,0.5383873456790124,0.2239583333333333,0.2376543209876543,0.6320459326566714,0.0505926758304603,0.0035685544126589,0.1067699009444357,0.0004873970574054,0.1555023323664942,2.788158483877789
88,0.625,0.375,0.375,0.0,0.3125,0.3125,0.0625,0.9375,0.0625,0.25,0.0625,0.0,0.4375,0.125,0.0625,0.3125,0.6875,0.0,0.6875,0.3125,0.0440324449594438,0.083893395133256,0.0,0.009965237543453,0.0,0.8602549246813441,-4.073760891134879
92,0.6829268292682927,0.3170731707317073,0.4390243902439024,0.048780487804878,0.3170731707317073,0.1951219512195122,0.8658536585365854,0.1341463414634146,0.024390243902439,0.0,0.0,0.975609756097561,0.0,0.0,0.0,0.6097560975609756,0.3902439024390244,0.0853658536585365,0.7073170731707317,0.2073170731707317,0.5848233754906237,0.0719581334496293,0.0,0.1569995638901003,0.0,0.1631051024858264,4.091466762958119
96,0.2253012048192771,0.7746987951807229,0.3506024096385542,0.0554216867469879,0.2927710843373494,0.3012048192771084,0.8578313253012049,0.1421686746987951,0.1144578313253012,0.0686746987951807,0.0602409638554216,0.4096385542168674,0.0891566265060241,0.1481927710843373,0.1096385542168674,0.6156626506024097,0.3843373493975903,0.0939759036144578,0.5481927710843374,0.3578313253012048,0.5283140283140283,0.1138996138996139,0.0,0.1936936936936936,0.0,0.0952380952380952,2.076648910491559
101,0.672645739910314,0.3273542600896861,0.42152466367713,0.0403587443946188,0.3273542600896861,0.210762331838565,0.6816143497757847,0.3183856502242152,0.0134529147982062,0.0044843049327354,0.0,0.9820627802690582,0.0,0.0,0.0,0.4753363228699551,0.5246636771300448,0.1076233183856502,0.6098654708520179,0.2825112107623318,0.1072286263208453,0.6258405379442843,0.0114073006724303,0.0833333333333333,0.0,0.1164745437079731,-0.3785379889743309
102,0.0578431372549019,0.942156862745098,0.2990196078431372,0.0058823529411764,0.3411764705882353,0.353921568627451,0.9774509803921568,0.0225490196078431,0.1245098039215686,0.1254901960784313,0.0931372549019607,0.2166666666666666,0.0911764705882352,0.1666666666666666,0.1823529411764705,0.5588235294117647,0.4411764705882353,0.0039215686274509,0.4323529411764706,0.5637254901960784,0.5094369298521547,0.0163573450770682,0.0,0.0781692356086819,0.0007864108210128,0.368354828562441,5.721806370640795
109,0.2391304347826087,0.7608695652173914,0.217391304347826,0.0652173913043478,0.4130434782608695,0.3043478260869565,0.6739130434782609,0.3260869565217391,0.1956521739130435,0.0869565217391304,0.0652173913043478,0.3478260869565217,0.1304347826086956,0.0652173913043478,0.108695652173913,0.391304347826087,0.6086956521739131,0.0,0.6086956521739131,0.391304347826087,0.3755609955120359,0.1601387188902489,0.0,0.1311709506323949,0.0,0.3245614035087719,0.1497351061496575
110,0.2247557003257329,0.7752442996742671,0.3379478827361563,0.0101791530944625,0.3188110749185667,0.3330618892508143,0.6877035830618893,0.3122964169381108,0.1710097719869706,0.1302931596091205,0.125,0.1278501628664495,0.1583876221498371,0.1482084690553746,0.1392508143322475,0.5052931596091205,0.4947068403908795,0.008957654723127,0.4694625407166123,0.5215798045602605,0.0484536082474226,0.2929896907216495,0.0,0.0391752577319587,0.0162886597938144,0.6030927835051546,-7.834838527369458
114,0.7188405797101449,0.2811594202898551,0.3289855072463768,0.1710144927536231,0.2652173913043478,0.2347826086956521,0.4101449275362319,0.5898550724637681,0.0318840579710144,0.7768115942028986,0.0579710144927536,0.0275362318840579,0.0347826086956521,0.0391304347826087,0.0318840579710144,0.4608695652173913,0.5391304347826087,0.2840579710144927,0.4898550724637681,0.2260869565217391,0.0879645414251619,0.0412546880327309,0.0,0.0190930787589498,0.0,0.8428230480736447,-2.017743398853629
118,0.9446450060168472,0.0553549939831528,0.3200962695547533,0.0072202166064981,0.3886883273164861,0.2839951865222623,0.9711191335740073,0.0288808664259927,0.1805054151624548,0.1010830324909747,0.1167268351383874,0.1552346570397112,0.0770156438026474,0.2166064981949458,0.1528279181708784,0.1696750902527075,0.8303249097472925,0.0060168471720818,0.3874849578820697,0.6064981949458483,0.3918795620437956,0.2427007299270073,0.0620437956204379,0.1838503649635036,0.0,0.0953467153284671,-1.8815158263531
123,0.5217391304347826,0.4782608695652174,0.2608695652173913,0.0,0.5652173913043478,0.1739130434782608,0.0,1.0,0.0434782608695652,0.0,0.0869565217391304,0.0869565217391304,0.5652173913043478,0.0869565217391304,0.1304347826086956,0.1739130434782608,0.8260869565217391,0.0869565217391304,0.4347826086956521,0.4782608695652174,0.0946889226100151,0.4898330804248862,0.0,0.0350531107738998,0.0,0.3775417298937784,2.304568057586716
124,0.25,0.75,0.375,0.0,0.25,0.375,0.4375,0.5625,0.0,0.0625,0.0625,0.5,0.3125,0.0625,0.0,0.4375,0.5625,0.0,0.5,0.5,0.5848233754906237,0.0719581334496293,0.0,0.1569995638901003,0.0,0.1631051024858264,4.091466762958119
126,0.0472727272727272,0.9527272727272728,0.3163636363636363,0.0036363636363636,0.3418181818181818,0.3381818181818182,0.8290909090909091,0.1709090909090909,0.1781818181818182,0.0727272727272727,0.1181818181818181,0.1018181818181818,0.109090909090909,0.2309090909090909,0.1890909090909091,0.5654545454545454,0.4345454545454545,0.0018181818181818,0.4090909090909091,0.5890909090909091,0.5951043338683788,0.0004012841091492,0.0565810593900481,0.0995184590690208,0.0,0.2387640449438202,1.3758538530357671
129,0.9707446808510638,0.0292553191489361,0.2765957446808511,0.0,0.3723404255319149,0.351063829787234,0.9946808510638298,0.0053191489361702,0.1382978723404255,0.1888297872340425,0.0186170212765957,0.1303191489361702,0.0398936170212766,0.300531914893617,0.1835106382978723,0.125,0.875,0.0,0.4042553191489361,0.5957446808510638,0.3784172661870503,0.0568345323741007,0.0,0.229136690647482,0.0,0.2618705035971223,3.549271946624015
131,0.0547645125958378,0.945235487404162,0.2245345016429353,0.2683461117196057,0.2398685651697699,0.2672508214676889,0.8444687842278203,0.1555312157721796,0.171960569550931,0.1423877327491785,0.1226725082146768,0.1018619934282584,0.0832420591456736,0.1861993428258488,0.1916757940854326,0.5717415115005476,0.4282584884994523,0.8477546549835706,0.0679079956188389,0.0843373493975903,0.6279382135661518,0.0120886501007387,0.0,0.0286545780165659,0.0,0.2628162077456906,5.519250399630221
133,0.2799320690631192,0.7200679309368808,0.3399377299745259,0.0152844607981885,0.3161619020662327,0.3286159071610529,0.5649589583923011,0.4350410416076988,0.1686951599207472,0.1369940560430229,0.1505802434191905,0.140107557316728,0.1477497877158222,0.1285026889329182,0.1273705066515709,0.5292952165298613,0.4707047834701386,0.0124540050948202,0.5009906594961789,0.4865553354090008,0.5623306233062331,0.0395663956639566,0.0,0.0523035230352303,0.0,0.335230352303523,4.171596201106754
136,0.6,0.4,0.2166666666666666,0.2666666666666666,0.25,0.2666666666666666,0.95,0.05,0.1666666666666666,0.0666666666666666,0.1166666666666666,0.15,0.1333333333333333,0.2166666666666666,0.15,0.35,0.65,0.5333333333333333,0.2166666666666666,0.25,0.4236868186323092,0.1437066402378592,0.0,0.0336967294350842,0.0,0.3666997026759167,3.9680309247228567
140,0.4,0.6,0.1333333333333333,0.1333333333333333,0.4,0.3333333333333333,0.6666666666666666,0.3333333333333333,0.2666666666666666,0.1333333333333333,0.3333333333333333,0.2,0.0666666666666666,0.0,0.0,0.5333333333333333,0.4666666666666667,0.3333333333333333,0.4,0.2666666666666666,0.8178175818995993,0.0087202451095922,0.0,0.0247466415272213,0.0,0.1300966297431063,3.98902884120702
144,0.7647058823529411,0.2352941176470588,0.3823529411764705,0.088235294117647,0.2352941176470588,0.2941176470588235,0.7352941176470589,0.2647058823529412,0.1470588235294117,0.1176470588235294,0.2352941176470588,0.088235294117647,0.1176470588235294,0.088235294117647,0.2058823529411764,0.6470588235294118,0.3529411764705882,0.2352941176470588,0.4117647058823529,0.3529411764705882,0.8178175818995993,0.0087202451095922,0.0,0.0247466415272213,0.0,0.1300966297431063,3.98902884120702
145,0.3461538461538461,0.6538461538461539,0.1538461538461538,0.0,0.5384615384615384,0.3076923076923077,0.0384615384615384,0.9615384615384616,0.2692307692307692,0.0769230769230769,0.1538461538461538,0.0,0.2307692307692307,0.1923076923076923,0.0769230769230769,0.2307692307692307,0.7692307692307693,0.0,0.5,0.5,0.6484375,0.1286458333333333,0.0,0.071875,0.0,0.1088541666666666,-0.97664259684786
148,0.7777777777777778,0.2222222222222222,0.1666666666666666,0.2777777777777778,0.2777777777777778,0.2777777777777778,0.5,0.5,0.1666666666666666,0.0555555555555555,0.1666666666666666,0.2777777777777778,0.0555555555555555,0.1666666666666666,0.1111111111111111,0.4444444444444444,0.5555555555555556,0.3888888888888889,0.2222222222222222,0.3888888888888889,0.7178387650085764,0.0587478559176672,0.0,0.0,0.0,0.2165523156089193,8.922420765634387
149,0.6616541353383458,0.3383458646616541,0.3458646616541353,0.0676691729323308,0.3383458646616541,0.2481203007518796,0.6240601503759399,0.3759398496240601,0.0526315789473684,0.0075187969924812,0.0,0.8796992481203008,0.0075187969924812,0.0075187969924812,0.0451127819548872,0.4511278195488721,0.5488721804511278,0.1578947368421052,0.5413533834586466,0.3007518796992481,0.7091800981079187,0.0939032936229852,0.0,0.0532585844428871,0.0042046250875963,0.1114225648213034,5.538324318414003
154,0.0509915014164305,0.9490084985835694,0.2889518413597733,0.0028328611898017,0.3512747875354107,0.3569405099150141,0.7847025495750708,0.2152974504249291,0.1728045325779036,0.2577903682719547,0.1501416430594901,0.0594900849858356,0.1246458923512747,0.1529745042492918,0.0821529745042493,0.4957507082152974,0.5042492917847026,0.0028328611898017,0.461756373937677,0.5354107648725213,,,,,,,
158,0.0555555555555555,0.9444444444444444,0.0555555555555555,0.3888888888888889,0.3333333333333333,0.2222222222222222,0.8888888888888888,0.1111111111111111,0.1666666666666666,0.4444444444444444,0.1111111111111111,0.1666666666666666,0.0555555555555555,0.0,0.0555555555555555,0.5555555555555556,0.4444444444444444,0.6666666666666666,0.0555555555555555,0.2777777777777778,0.2539792387543252,0.04959630911188,0.0,0.0057670126874279,0.0,0.6883506343713957,-1.9282345316574032
160,0.5833333333333334,0.4166666666666667,0.4166666666666667,0.0833333333333333,0.25,0.25,0.0833333333333333,0.9166666666666666,0.0,0.6666666666666666,0.0,0.0833333333333333,0.1666666666666666,0.0833333333333333,0.0,0.5,0.5,0.0,0.4166666666666667,0.5833333333333334,0.12858837485172,0.3036773428232503,0.0,0.2227758007117437,0.0,0.3138790035587188,1.2387763057191583
162,0.6106194690265486,0.3893805309734513,0.4424778761061947,0.0,0.3274336283185841,0.2300884955752212,0.8584070796460177,0.1415929203539823,0.0,0.0088495575221238,0.0176991150442477,0.0088495575221238,0.9646017699115044,0.0,0.0,0.6460176991150443,0.3539823008849557,0.0,0.8053097345132744,0.1946902654867256,,,,,,,
165,0.69960668633235,0.3003933136676499,0.1814159292035398,0.4397738446411012,0.1777286135693215,0.2010816125860373,0.8134218289085545,0.1865781710914454,0.1246312684365781,0.115535889872173,0.1497050147492625,0.1452802359882005,0.1730580137659783,0.1497050147492625,0.1420845624385447,0.4670599803343166,0.5329400196656834,0.5587512291052114,0.2332841691248771,0.2079646017699115,0.3513439385628085,0.1472846955567745,0.0,0.2078990674712013,0.0,0.190345584201865,0.9599570856262252
168,0.5681818181818182,0.4318181818181818,0.3181818181818182,0.3409090909090909,0.1818181818181818,0.1590909090909091,0.0681818181818181,0.9318181818181818,0.1136363636363636,0.2954545454545454,0.1363636363636363,0.1363636363636363,0.1363636363636363,0.1136363636363636,0.0681818181818181,0.2045454545454545,0.7954545454545454,0.6363636363636364,0.25,0.1136363636363636,0.078196688609615,0.1188908837023738,0.0,0.0,0.0,0.7939357670057849,-2.215613701246044
170,0.6004273504273504,0.3995726495726496,0.3632478632478632,0.0235042735042735,0.3162393162393162,0.297008547008547,0.1495726495726495,0.8504273504273504,0.1474358974358974,0.4123931623931623,0.1153846153846153,0.0747863247863247,0.0512820512820512,0.1217948717948717,0.0769230769230769,0.3162393162393162,0.6837606837606838,0.0213675213675213,0.5662393162393162,0.4123931623931623,0.3723419437705152,0.0732125017839303,0.0,0.0432424718139003,0.0,0.5027829313543599,-0.1238954504380477
172,0.9473684210526316,0.0526315789473684,0.2631578947368421,0.1578947368421052,0.4736842105263157,0.1052631578947368,0.6842105263157895,0.3157894736842105,0.1578947368421052,0.1052631578947368,0.1052631578947368,0.3157894736842105,0.2105263157894736,0.0,0.1052631578947368,0.4736842105263157,0.5263157894736842,0.0526315789473684,0.4210526315789473,0.5263157894736842,0.3584293948126801,0.1102305475504322,0.0,0.3656340057636887,0.0,0.1145533141210374,-0.0214355461611003
174,0.6486486486486487,0.3513513513513513,0.3513513513513513,0.054054054054054,0.3243243243243243,0.2702702702702703,0.054054054054054,0.945945945945946,0.1081081081081081,0.2162162162162162,0.1081081081081081,0.1621621621621621,0.2162162162162162,0.1891891891891892,0.0,0.3783783783783784,0.6216216216216216,0.1891891891891892,0.3783783783783784,0.4324324324324324,0.0965480043149946,0.3193096008629989,0.0070118662351672,0.0,0.0533980582524271,0.4644012944983818,-7.625943341816739
176,0.7647058823529411,0.2352941176470588,0.3529411764705882,0.0588235294117647,0.4705882352941176,0.1176470588235294,0.0588235294117647,0.9411764705882352,0.0,0.0,0.1764705882352941,0.0588235294117647,0.5882352941176471,0.1176470588235294,0.0588235294117647,0.2941176470588235,0.7058823529411765,0.0588235294117647,0.2941176470588235,0.6470588235294118,0.3635346756152125,0.3436800894854586,0.0011185682326621,0.0131431767337807,0.0,0.2284675615212528,-0.6452473463974233
178,0.0695564516129032,0.9304435483870968,0.2227822580645161,0.2691532258064516,0.2389112903225806,0.2691532258064516,0.8104838709677419,0.189516129032258,0.1693548387096774,0.1381048387096774,0.1239919354838709,0.1018145161290322,0.0887096774193548,0.1854838709677419,0.1925403225806451,0.5735887096774194,0.4264112903225806,0.8225806451612904,0.0806451612903225,0.0967741935483871,0.6343582887700535,0.0106951871657754,0.0,0.0481283422459893,0.0,0.2877673796791444,3.454995173111901
179,0.4230769230769231,0.5769230769230769,0.2692307692307692,0.3076923076923077,0.3076923076923077,0.1153846153846153,0.3076923076923077,0.6923076923076923,0.1538461538461538,0.0769230769230769,0.0769230769230769,0.1153846153846153,0.0384615384615384,0.3461538461538461,0.1923076923076923,0.5769230769230769,0.4230769230769231,0.9615384615384616,0.0,0.0384615384615384,,,,,,,
180,0.3270149991758694,0.6729850008241306,0.3054227789681885,0.0606560079116532,0.3003131696060656,0.3336080435140926,0.7057853964067908,0.2942146035932091,0.1654854128894017,0.1221361463655843,0.1442228448986319,0.1429042360309873,0.1654854128894017,0.1305422778968188,0.1292236690291742,0.5432668534695896,0.4567331465304104,0.0736772704796439,0.4402505356848525,0.4860721938355035,0.1092422980849292,0.1060782681099084,0.0,0.0934221482098251,0.0033305578684429,0.6153205661948377,3.0946987365171506
185,0.600128990648178,0.399871009351822,0.2063850370848113,0.3876168977749113,0.1921960657852305,0.2138019993550467,0.9751693002257336,0.0248306997742663,0.1473718155433731,0.146404385682038,0.1060948081264108,0.1660754595291841,0.1060948081264108,0.1625282167042889,0.1654305062882941,0.4753305385359561,0.5246694614640438,0.5559496936472106,0.2018703643985811,0.2421799419542083,0.7637755102040816,0.0239795918367346,0.0,0.0923469387755102,0.0,0.0622448979591836,8.180083304284043
191,0.0348837209302325,0.9651162790697676,0.313953488372093,0.0,0.4069767441860465,0.2790697674418604,1.0,0.0,0.0232558139534883,0.1162790697674418,0.0581395348837209,0.0581395348837209,0.5697674418604651,0.1162790697674418,0.0581395348837209,0.7558139534883721,0.2441860465116279,0.0348837209302325,0.5813953488372093,0.3837209302325581,0.5932760632092481,0.1332060663909216,0.0144235868066603,0.0865415208399618,0.0,0.1123130766783328,6.978249367232511
192,0.8448275862068966,0.1551724137931034,0.4310344827586206,0.1034482758620689,0.3103448275862069,0.1551724137931034,0.0344827586206896,0.9655172413793104,0.2068965517241379,0.1379310344827586,0.1724137931034483,0.0517241379310344,0.1379310344827586,0.1896551724137931,0.1034482758620689,0.293103448275862,0.7068965517241379,0.0517241379310344,0.4655172413793103,0.4827586206896552,0.0381161444821392,0.0021951706246258,0.0,0.0,0.0,0.9541009778487328,-0.5915171000455641
193,0.8852459016393442,0.1147540983606557,0.3032786885245901,0.0737704918032786,0.2868852459016393,0.3360655737704918,0.9672131147540984,0.0327868852459016,0.180327868852459,0.1557377049180328,0.1065573770491803,0.1147540983606557,0.081967213114754,0.1147540983606557,0.2459016393442623,0.2622950819672131,0.7377049180327869,0.0081967213114754,0.4262295081967213,0.5655737704918032,0.6195945945945946,0.0439189189189189,0.0,0.1587837837837837,0.0,0.0804054054054054,5.180109249630979
195,0.6869806094182825,0.3130193905817174,0.2770083102493075,0.149584487534626,0.3019390581717451,0.2714681440443213,0.0637119113573407,0.9362880886426592,0.0969529085872576,0.1689750692520775,0.1523545706371191,0.2216066481994459,0.1966759002770083,0.1080332409972299,0.0554016620498614,0.3434903047091412,0.6565096952908587,0.1606648199445983,0.3850415512465374,0.4542936288088642,0.3784172661870503,0.0568345323741007,0.0,0.229136690647482,0.0,0.2618705035971223,3.549271946624015
196,1.0,0.0,0.3076923076923077,0.0,0.4615384615384615,0.2307692307692307,1.0,0.0,0.0,0.0,0.0769230769230769,0.0,0.1538461538461538,0.6923076923076923,0.0769230769230769,0.0,1.0,0.0,0.7692307692307693,0.2307692307692307,,,,,,,
198,0.3476862604966946,0.6523137395033053,0.3182061818831517,0.0464534572092192,0.3067714847239592,0.3285688761836698,0.7362872967661247,0.2637127032338753,0.1579417545113453,0.1168483115954975,0.13953903877077,0.1649097730927282,0.1509737359299625,0.1295336787564766,0.1402537073432195,0.5624441665177774,0.4375558334822226,0.055744148651063,0.451313203501876,0.4929426478470609,0.0264692687303723,0.0201884253028263,0.0,0.060116644235083,0.0,0.8932256617317182,-10.271969256767951
201,0.5783397471137988,0.4216602528862012,0.1990104452996151,0.3936228697086311,0.19978009895547,0.2075865860362836,0.5906542056074766,0.4093457943925234,0.1416162726772952,0.1585486531061022,0.1384277075316107,0.1331500824628917,0.131500824628917,0.1516217702034084,0.1451346893897746,0.4703683342495877,0.5296316657504123,0.5183067619571193,0.233974711379879,0.2477185266630016,0.5623306233062331,0.0395663956639566,0.0,0.0523035230352303,0.0,0.335230352303523,4.171596201106754
203,0.3247041420118343,0.6752958579881657,0.3191568047337278,0.0218195266272189,0.3195266272189349,0.3394970414201183,0.6762204142011834,0.3237795857988165,0.1625369822485207,0.104844674556213,0.1558801775147929,0.1403476331360946,0.1433062130177514,0.1379437869822485,0.1551405325443787,0.5517751479289941,0.4482248520710059,0.0240384615384615,0.4731878698224852,0.5027736686390533,0.7746062992125984,0.0049212598425196,0.0,0.0144356955380577,0.0,0.1758530183727034,4.444241647215309
207,0.5663338088445078,0.4336661911554921,0.1975748930099857,0.4165477888730385,0.1797432239657632,0.2061340941512125,0.978601997146933,0.021398002853067,0.1248216833095577,0.1583452211126961,0.1019971469329529,0.1754636233951498,0.1105563480741797,0.1633380884450784,0.1654778887303851,0.4900142653352354,0.5099857346647646,0.6298145506419401,0.1797432239657632,0.1904422253922967,0.0978225544361391,0.1715957101072473,0.0,0.0019499512512187,0.0,0.6977575560610985,-4.059725741184188
208,0.9366197183098592,0.0633802816901408,0.2394366197183098,0.0070422535211267,0.3943661971830985,0.3591549295774648,1.0,0.0,0.176056338028169,0.1197183098591549,0.0915492957746478,0.1619718309859155,0.0211267605633802,0.2957746478873239,0.1338028169014084,0.0422535211267605,0.9577464788732394,0.0211267605633802,0.4577464788732394,0.5211267605633803,0.3784172661870503,0.0568345323741007,0.0,0.229136690647482,0.0,0.2618705035971223,3.549271946624015
209,0.8098720292504571,0.1901279707495429,0.2897623400365631,0.0859232175502742,0.3089579524680073,0.3153564899451554,0.9369287020109688,0.063071297989031,0.1736745886654479,0.1389396709323583,0.1060329067641681,0.1234003656307129,0.0758683729433272,0.1919561243144424,0.1901279707495429,0.3939670932358318,0.6060329067641682,0.0776965265082266,0.3802559414990859,0.5420475319926874,,,,,,,
